{
  "method": "recons3d_style_known_then_interpolate_then_fill",
  "ckpt": "/misc/raid/zchen/Code/NeUF/latest/ckpt.pkl",
  "dataset_pkl": "/home/zchen/Code/NeUF/data/cerebral_data/Pre_traitement_echo_v2/Recalage/Patient0/us_recal_original/baked_dataset.pkl",
  "bounds_dataset_pkl": "/home/zchen/Code/NeUF/data/cerebral_data/Pre_traitement_echo_v2/Recalage/Patient0/us_recal_original/baked_dataset.pkl",
  "grid_shape_zyx": [
    728,
    798,
    943
  ],
  "spacing_mm_xyz": [
    1.0,
    1.0,
    1.0
  ],
  "base_spacing_mm_xyz": [
    1.0,
    1.0,
    1.0
  ],
  "resolution_scale": 1.0,
  "point_min_mm": [
    -471.5,
    172.82444763183594,
    -699.1565551757812
  ],
  "point_max_mm": [
    471.5,
    970.5919799804688,
    28.666547775268555
  ],
  "row_k": 3,
  "column_k": 2,
  "slice_neighbours": 1,
  "hole_fill_k": 4,
  "hole_fill_enabled": true,
  "use_sequence_plane_mask": true,
  "sequence_plane_mask_requested": true,
  "sequence_plane_mask_source": "slice planes from /home/zchen/Code/NeUF/data/cerebral_data/Pre_traitement_echo_v2/Recalage/Patient0/us_recal_original/infos.json",
  "sweep_axis": [
    0.0,
    0.677831768989563,
    0.7352170944213867
  ],
  "slice_sweep_min_mm": 311.9195861816406,
  "slice_sweep_max_mm": 345.6624755859375,
  "num_slices_used": 245,
  "voxelized_input_slices": 245,
  "slices_with_interpolation_support": 228,
  "slice_support_counts": [
    193364520,
    193330583,
    66988,
    65111,
    61346,
    59467,
    57578,
    57573,
    62284,
    69818,
    76419,
    79245,
    79252,
    83969,
    81148,
    80206,
    77371,
    67941,
    63221,
    59453,
    61343,
    60406,
    67011,
    68902,
    73616,
    79266,
    81143,
    82077,
    79244,
    74534,
    69820,
    69823,
    69829,
    67948,
    67952,
    71723,
    72659,
    77371,
    79257,
    73601,
    70782,
    65130,
    60420,
    61359,
    62292,
    70769,
    76422,
    80198,
    82086,
    83029,
    79260,
    72660,
    65120,
    54750,
    53807,
    55694,
    58519,
    64174,
    67004,
    73600,
    78318,
    76433,
    79260,
    73607,
    67006,
    64176,
    59459,
    58517,
    59459,
    64174,
    66064,
    67949,
    67949,
    64178,
    55693,
    52865,
    52862,
    51921,
    59463,
    62290,
    67950,
    70780,
    68890,
    66062,
    60399,
    52857,
    50974,
    50030,
    50978,
    60402,
    63227,
    66995,
    64168,
    55688,
    49098,
    41563,
    40618,
    44384,
    48144,
    53792,
    59453,
    57570,
    59466,
    55697,
    46264,
    42487,
    37767,
    36823,
    41538,
    47200,
    52858,
    51918,
    50982,
    46264,
    37776,
    34004,
    30224,
    31167,
    23610,
    28327,
    32101,
    35872,
    50030,
    48141,
    45312,
    36831,
    30227,
    27397,
    26458,
    29282,
    30229,
    34941,
    36818,
    37757,
    36806,
    31152,
    21714,
    17953,
    16074,
    15133,
    21749,
    25511,
    28338,
    31161,
    32100,
    27393,
    22680,
    18910,
    16080,
    12292,
    11347,
    13233,
    16065,
    21737,
    25510,
    29281,
    27387,
    22670,
    20781,
    11353,
    7585,
    8531,
    6649,
    7593,
    10420,
    14185,
    15121,
    19834,
    19835,
    14180,
    11361,
    6647,
    2877,
    3818,
    4751,
    7576,
    11344,
    12286,
    13228,
    11341,
    10398,
    10397,
    7570,
    7571,
    3798,
    1913,
    3798,
    1907,
    1907,
    3792,
    2848,
    3798,
    6633,
    6632,
    6632,
    5684,
    2854,
    970,
    972,
    974,
    964,
    960,
    957,
    956,
    961,
    1909,
    968,
    967,
    963,
    13,
    10,
    8,
    10,
    7,
    5,
    4,
    2,
    7,
    11,
    10,
    12,
    7,
    2,
    2,
    1,
    1,
    1,
    1,
    0,
    0,
    0,
    0,
    0,
    0,
    0,
    0,
    0,
    0,
    0,
    0,
    0,
    0,
    0,
    0,
    0
  ],
  "local_row_bounds_mm": [
    0.0,
    708.0
  ],
  "local_col_bounds_mm": [
    -472.0,
    472.0
  ],
  "observed_voxels": 138040141,
  "interpolated_voxels": 195534780,
  "hole_filled_voxels": 0,
  "supported_voxels": 333574921,
  "filled_voxels": 333574921,
  "total_voxels": 547830192,
  "mhd_grid_axis_order": [
    "h",
    "z",
    "w"
  ],
  "mhd_grid_axis_mapping": {
    "h": "-x",
    "z": "-z",
    "w": "-y"
  }
}