{
  "ckpt": "latest\\ckpt.pkl",
  "dataset_pkl": "D:\\0-Code\\NeUF\\data\\cerebral_data\\Pre_traitement_echo_v2\\Recalage\\Patient0\\us_recal_original\\baked_dataset.pkl",
  "base_spacing_mm_xyz": [
    1.0,
    1.0,
    1.0
  ],
  "spacing_mm_xyz": [
    0.8333333134651184,
    0.8333333134651184,
    0.8333333134651184
  ],
  "resolution_scale": 1.2,
  "mhd_grid_axis_order": [
    "h",
    "z",
    "w"
  ],
  "mhd_grid_axis_mapping": {
    "h": "-x",
    "z": "-z",
    "w": "-y"
  },
  "point_min_mm": [
    -471.5,
    172.82444763183594,
    -699.1565551757812
  ],
  "point_max_mm": [
    471.5,
    970.5919799804688,
    28.666547775268555
  ],
  "dataset_point_min_mm": [
    -471.5,
    172.82444763183594,
    -699.1565551757812
  ],
  "dataset_point_max_mm": [
    471.5,
    970.5919799804688,
    28.666547775268555
  ],
  "dataset_roi_px_size_mm": [
    1.0,
    1.0
  ],
  "bounding_box_min_mm": [
    -471.5,
    172.82444763183594,
    -699.1565551757812
  ],
  "bounding_box_max_mm": [
    471.5,
    970.5919799804688,
    28.666547775268555
  ],
  "shape_hzw": [
    874,
    958,
    1132
  ],
  "gt_stacked_slices_shape_zhw": null,
  "gt_stacked_mhd_axis_order": null,
  "use_bbox_mask": false,
  "use_sequence_plane_mask": false,
  "sequence_plane_mask_source": null,
  "front_plane_point_mm": null,
  "front_plane_normal_inward": null,
  "back_plane_point_mm": null,
  "back_plane_normal_inward": null,
  "save_large_npy": false,
  "save_gt_exports": false,
  "estimated_export_bytes": 3808035392
}